{"0": {"text": "PRECISION", "box": [6, 153, 11, 98], "rotation": 90}, "1": {"text": "-4>", "box": [39, 197, 16, 11], "rotation": 0}, "2": {"text": "|-@", "box": [84, 198, 26, 12], "rotation": 0}, "3": {"text": "shallow", "box": [114, 199, 75, 11], "rotation": 0}, "4": {"text": "-$", "box": [84, 219, 26, 15], "rotation": 0}, "5": {"text": "shallow", "box": [114, 221, 75, 11], "rotation": 0}, "6": {"text": "-3}", "box": [39, 244, 16, 11], "rotation": 0}, "7": {"text": "|", "box": [0, 0, 583, 433], "rotation": 0}, "8": {"text": "shallow", "box": [84, 244, 105, 11], "rotation": 0}, "9": {"text": "-", "box": [84, 267, 26, 10], "rotation": 0}, "10": {"text": "shallow", "box": [114, 267, 75, 11], "rotation": 0}, "11": {"text": "wat", "box": [39, 292, 16, 11], "rotation": 0}, "12": {"text": "|-O", "box": [84, 289, 23, 11], "rotation": 0}, "13": {"text": "t\u00a3-id\u00e9t", "box": [115, 288, 62, 12], "rotation": 0}, "14": {"text": "2,000", "box": [212, 221, 52, 13], "rotation": 0}, "15": {"text": "5,000", "box": [213, 244, 51, 13], "rotation": 0}, "16": {"text": "10,000", "box": [202, 267, 62, 13], "rotation": 0}, "17": {"text": "1,000", "box": [213, 289, 51, 13], "rotation": 0}, "18": {"text": "  ", "box": [44, 17, 513, 195], "rotation": 0}, "19": {"text": "  ", "box": [189, 192, 382, 24], "rotation": 0}, "20": {"text": "  ", "box": [273, 241, 298, 21], "rotation": 0}, "21": {"text": "  ", "box": [80, 283, 491, 97], "rotation": 0}, "22": {"text": "RECALL", "box": [280, 417, 64, 11], "rotation": 0}}