{"0": {"text": "Recall", "box": [7, 135, 16, 54], "rotation": 90}, "1": {"text": "0.2", "box": [138, 332, 25, 15], "rotation": 0}, "2": {"text": "0.4", "box": [213, 332, 24, 15], "rotation": 0}, "3": {"text": "0.6", "box": [287, 332, 25, 15], "rotation": 0}, "4": {"text": "1", "box": [206, 364, 5, 15], "rotation": 90}, "5": {"text": "-", "box": [223, 372, 5, 2], "rotation": 0}, "6": {"text": "Precision", "box": [236, 364, 82, 16], "rotation": 0}, "7": {"text": "08", "box": [362, 332, 24, 15], "rotation": 0}, "8": {"text": "  ", "box": [66, 3, 387, 122], "rotation": 0}, "9": {"text": "  ", "box": [66, 125, 324, 29], "rotation": 0}, "10": {"text": "   ", "box": [599, 127, 9, 80], "rotation": 90}, "11": {"text": "  ", "box": [66, 180, 542, 142], "rotation": 0}, "12": {"text": "", "box": [394, 105, 48, 13], "rotation": 0}, "13": {"text": "PCA", "box": [446, 105, 24, 15], "rotation": 0}, "14": {"text": "20", "box": [471, 105, 39, 15], "rotation": 0}, "15": {"text": "Rotate", "box": [518, 105, 53, 15], "rotation": 0}, "16": {"text": "5", "box": [578, 105, 9, 15], "rotation": 90}, "17": {"text": "A", "box": [394, 132, 30, 12], "rotation": 0}, "18": {"text": "SIFT", "box": [435, 132, 50, 15], "rotation": 0}, "19": {"text": "Rotate", "box": [493, 132, 54, 15], "rotation": 0}, "20": {"text": "5", "box": [554, 132, 9, 15], "rotation": 90}, "21": {"text": "*PCA", "box": [394, 158, 76, 15], "rotation": 0}, "22": {"text": "20", "box": [471, 158, 39, 15], "rotation": 0}, "23": {"text": "Rotate", "box": [518, 158, 53, 15], "rotation": 0}, "24": {"text": "10", "box": [579, 158, 19, 15], "rotation": 0}, "25": {"text": "", "box": [394, 189, 8, 4], "rotation": 0}, "26": {"text": "%", "box": [411, 185, 13, 13], "rotation": 90}, "27": {"text": "\u2018SIFT", "box": [439, 185, 46, 15], "rotation": 0}, "28": {"text": "Rotate", "box": [493, 185, 54, 15], "rotation": 0}, "29": {"text": "10", "box": [555, 185, 18, 15], "rotation": 0}}