{"0": {"text": "10", "box": [22, 22, 15, 9], "rotation": 0}, "1": {"text": "Precision-Recall", "box": [122, 6, 114, 12], "rotation": 0}, "2": {"text": "curve", "box": [241, 9, 38, 9], "rotation": 0}, "3": {"text": "with", "box": [284, 6, 28, 12], "rotation": 0}, "4": {"text": "LEB", "box": [318, 6, 28, 12], "rotation": 0}, "5": {"text": "as", "box": [352, 9, 15, 9], "rotation": 0}, "6": {"text": "ground", "box": [373, 6, 48, 16], "rotation": 0}, "7": {"text": "truth", "box": [426, 6, 32, 12], "rotation": 0}, "8": {"text": "oof", "box": [21, 85, 31, 9], "rotation": 0}, "9": {"text": "os:", "box": [21, 148, 31, 9], "rotation": 0}, "10": {"text": "of", "box": [21, 274, 31, 9], "rotation": 0}, "11": {"text": "oa", "box": [21, 400, 16, 9], "rotation": 0}, "12": {"text": "  ", "box": [83, 94, 445, 320], "rotation": 0}, "13": {"text": "oo", "box": [344, 41, 34, 13], "rotation": 0}, "14": {"text": "SEL3", "box": [391, 41, 37, 12], "rotation": 0}, "15": {"text": "SEL3", "box": [391, 64, 29, 12], "rotation": 0}, "16": {"text": "extrapolation", "box": [420, 64, 103, 16], "rotation": 0}, "17": {"text": "NET-VISA", "box": [391, 87, 69, 12], "rotation": 0}, "18": {"text": "on", "box": [42, 415, 16, 9], "rotation": 0}, "19": {"text": "05", "box": [123, 415, 13, 9], "rotation": 0}, "20": {"text": "0", "box": [205, 415, 16, 9], "rotation": 0}, "21": {"text": "OF", "box": [286, 415, 16, 9], "rotation": 0}, "22": {"text": "precision", "box": [265, 432, 51, 10], "rotation": 0}, "23": {"text": "08", "box": [367, 415, 16, 9], "rotation": 0}, "24": {"text": "09", "box": [449, 415, 16, 9], "rotation": 0}, "25": {"text": "10", "box": [531, 415, 15, 9], "rotation": 0}}