{"0": {"text": "precision", "box": [5, 158, 19, 78], "rotation": 90}, "1": {"text": "wet", "box": [113, 39, 8, 74], "rotation": 90}, "2": {"text": "", "box": [112, 20, 4, 9], "rotation": 90}, "3": {"text": "", "box": [356, 30, 15, 3], "rotation": 0}, "4": {"text": "", "box": [386, 30, 10, 3], "rotation": 0}, "5": {"text": "NER_MultiR", "box": [413, 24, 107, 19], "rotation": 0}, "6": {"text": "", "box": [356, 53, 40, 5], "rotation": 0}, "7": {"text": "NER_DNMAR", "box": [413, 48, 124, 19], "rotation": 0}, "8": {"text": "recall", "box": [299, 463, 45, 16], "rotation": 0}}