{"0": {"text": "Precision", "box": [5, 169, 8, 44], "rotation": 90}, "1": {"text": "ot", "box": [77, 378, 13, 8], "rotation": 0}, "2": {"text": "02", "box": [123, 378, 15, 8], "rotation": 0}, "3": {"text": "03", "box": [169, 378, 15, 8], "rotation": 0}, "4": {"text": "om", "box": [215, 378, 15, 8], "rotation": 0}, "5": {"text": "05", "box": [261, 378, 15, 8], "rotation": 0}, "6": {"text": "Recall", "box": [254, 391, 29, 8], "rotation": 0}, "7": {"text": "08", "box": [307, 378, 15, 8], "rotation": 0}, "8": {"text": "o7", "box": [352, 378, 16, 8], "rotation": 0}, "9": {"text": "a", "box": [394, 20, 91, 8], "rotation": 0}, "10": {"text": "", "box": [394, 36, 33, 4], "rotation": 0}, "11": {"text": "saigin", "box": [431, 34, 30, 11], "rotation": 0}, "12": {"text": "ot", "box": [465, 34, 9, 8], "rotation": 0}, "13": {"text": "a.", "box": [477, 34, 8, 8], "rotation": 90}, "14": {"text": "", "box": [394, 50, 32, 3], "rotation": 0}, "15": {"text": "Sioin", "box": [431, 48, 17, 8], "rotation": 0}, "16": {"text": "ot", "box": [450, 48, 17, 8], "rotation": 0}, "17": {"text": "al.", "box": [470, 48, 8, 8], "rotation": 90}, "18": {"text": "Hieetal", "box": [394, 61, 73, 8], "rotation": 0}, "19": {"text": "08", "box": [398, 378, 15, 8], "rotation": 0}, "20": {"text": "09", "box": [444, 378, 15, 8], "rotation": 0}}