{"0": {"text": "Precision", "box": [5, 221, 18, 89], "rotation": 90}, "1": {"text": "0.2}", "box": [35, 407, 30, 17], "rotation": 0}, "2": {"text": "\"Manual", "box": [81, 401, 113, 18], "rotation": 0}, "3": {"text": "\u2018", "box": [81, 434, 32, 7], "rotation": 0}, "4": {"text": "Words", "box": [122, 429, 63, 18], "rotation": 0}, "5": {"text": "0.1,", "box": [35, 457, 26, 17], "rotation": 0}, "6": {"text": "", "box": [81, 462, 24, 7], "rotation": 0}, "7": {"text": "\"Templates", "box": [112, 458, 113, 22], "rotation": 0}, "8": {"text": "", "box": [82, 491, 35, 6], "rotation": 0}, "9": {"text": "Words", "box": [122, 486, 63, 18], "rotation": 0}, "10": {"text": "+", "box": [194, 492, 11, 11], "rotation": 90}, "11": {"text": "Templates", "box": [212, 486, 105, 22], "rotation": 0}, "12": {"text": "%", "box": [54, 507, 21, 32], "rotation": 90}, "13": {"text": "0.2", "box": [155, 522, 30, 17], "rotation": 0}, "14": {"text": "0.4", "box": [255, 522, 30, 17], "rotation": 0}, "15": {"text": "0.6", "box": [355, 522, 30, 17], "rotation": 0}, "16": {"text": "0.8", "box": [455, 522, 29, 17], "rotation": 0}, "17": {"text": "Recall", "box": [289, 544, 60, 18], "rotation": 0}}