{"0": {"text": "Ground", "box": [302, 18, 49, 12], "rotation": 0}, "1": {"text": "truth", "box": [355, 18, 28, 12], "rotation": 0}, "2": {"text": "semantic", "box": [389, 18, 59, 12], "rotation": 0}, "3": {"text": "distance", "box": [453, 18, 55, 12], "rotation": 0}, "4": {"text": "", "box": [512, 21, 40, 9], "rotation": 0}, "5": {"text": "Visual", "box": [404, 34, 42, 12], "rotation": 0}, "6": {"text": "distance", "box": [450, 35, 56, 11], "rotation": 0}, "7": {"text": "e", "box": [512, 38, 40, 8], "rotation": 0}, "8": {"text": "Semantic", "box": [385, 52, 62, 11], "rotation": 0}, "9": {"text": "distance", "box": [452, 52, 55, 11], "rotation": 0}, "10": {"text": "e", "box": [512, 55, 40, 8], "rotation": 0}, "11": {"text": "Initial", "box": [379, 68, 34, 12], "rotation": 0}, "12": {"text": "segmentation", "box": [419, 69, 88, 14], "rotation": 0}, "13": {"text": "E", "box": [512, 69, 40, 14], "rotation": 0}, "14": {"text": "Recall", "box": [299, 427, 42, 13], "rotation": 0}}