{"0": {"text": "Precision", "box": [5, 97, 18, 95], "rotation": 90}, "1": {"text": "  ", "box": [81, 30, 390, 246], "rotation": 0}, "2": {"text": "English", "box": [272, 7, 55, 18], "rotation": 0}, "3": {"text": "Dataset:", "box": [339, 8, 65, 12], "rotation": 0}, "4": {"text": "auto-connector", "box": [410, 9, 125, 11], "rotation": 0}, "5": {"text": "model", "box": [541, 7, 49, 13], "rotation": 0}, "6": {"text": "English", "box": [272, 35, 55, 18], "rotation": 0}, "7": {"text": "Dataset:", "box": [334, 36, 61, 13], "rotation": 0}, "8": {"text": "all-unigram", "box": [397, 35, 99, 18], "rotation": 0}, "9": {"text": "model", "box": [503, 35, 49, 14], "rotation": 0}}