{"0": {"text": "PRECISION", "box": [6, 145, 11, 98], "rotation": 90}, "1": {"text": "     ", "box": [153, 9, 428, 415], "rotation": 90}, "2": {"text": "5", "box": [39, 129, 16, 11], "rotation": 0}, "3": {"text": "OvLSI", "box": [92, 124, 52, 12], "rotation": 0}, "4": {"text": "(2)", "box": [162, 124, 23, 14], "rotation": 0}, "5": {"text": "a-LSI", "box": [94, 147, 50, 11], "rotation": 0}, "6": {"text": "(3)", "box": [162, 146, 23, 14], "rotation": 0}, "7": {"text": "\u00bbAeLSI", "box": [85, 167, 59, 14], "rotation": 0}, "8": {"text": "(10)", "box": [162, 169, 34, 14], "rotation": 0}, "9": {"text": "LSI", "box": [90, 191, 54, 14], "rotation": 0}, "10": {"text": "(40)", "box": [162, 192, 34, 14], "rotation": 0}, "11": {"text": "~\u00a9-deep", "box": [85, 215, 71, 14], "rotation": 0}, "12": {"text": "(2)", "box": [162, 214, 23, 14], "rotation": 0}, "13": {"text": "-s-deep", "box": [86, 238, 59, 11], "rotation": 0}, "14": {"text": "(3)", "box": [146, 237, 39, 15], "rotation": 0}, "15": {"text": "~A-deep", "box": [85, 258, 71, 17], "rotation": 0}, "16": {"text": "(10)", "box": [162, 260, 34, 14], "rotation": 0}, "17": {"text": "+27", "box": [39, 279, 16, 11], "rotation": 0}, "18": {"text": "|~t-deep", "box": [86, 282, 70, 15], "rotation": 0}, "19": {"text": "(40)", "box": [162, 282, 34, 14], "rotation": 0}, "20": {"text": "t\u00e9-idt", "box": [85, 304, 93, 16], "rotation": 0}}