{"0": {"text": "Recall", "box": [7, 187, 17, 58], "rotation": 90}, "1": {"text": "0.9", "box": [36, 48, 22, 13], "rotation": 0}, "2": {"text": "08", "box": [36, 89, 22, 13], "rotation": 0}, "3": {"text": "0.7", "box": [36, 129, 22, 13], "rotation": 0}, "4": {"text": "0.6", "box": [36, 170, 22, 13], "rotation": 0}, "5": {"text": "0.5", "box": [36, 210, 22, 13], "rotation": 0}, "6": {"text": "0.4", "box": [36, 251, 22, 13], "rotation": 0}, "7": {"text": "0.3", "box": [36, 291, 22, 13], "rotation": 0}, "8": {"text": "0.2", "box": [36, 332, 22, 13], "rotation": 0}, "9": {"text": "0.1", "box": [36, 372, 19, 13], "rotation": 0}, "10": {"text": "", "box": [438, 354, 47, 3], "rotation": 0}, "11": {"text": "Proposed", "box": [490, 349, 73, 17], "rotation": 0}, "12": {"text": "Fs", "box": [438, 370, 73, 14], "rotation": 0}, "13": {"text": "", "box": [438, 396, 46, 3], "rotation": 0}, "14": {"text": "|SM", "box": [491, 391, 28, 14], "rotation": 0}, "15": {"text": "0.2", "box": [155, 427, 23, 13], "rotation": 0}, "16": {"text": "0.4", "box": [258, 427, 23, 13], "rotation": 0}, "17": {"text": "0.6", "box": [361, 427, 22, 13], "rotation": 0}, "18": {"text": "1-Precision", "box": [264, 447, 113, 17], "rotation": 0}, "19": {"text": "08", "box": [464, 427, 22, 13], "rotation": 0}}