{"0": {"text": "recision", "box": [9, 134, 7, 53], "rotation": 90}, "1": {"text": "Getting", "box": [229, 8, 58, 8], "rotation": 0}, "2": {"text": "Into", "box": [298, 8, 32, 6], "rotation": 0}, "3": {"text": "Vehicle", "box": [340, 7, 59, 7], "rotation": 0}, "4": {"text": "o2", "box": [51, 17, 15, 7], "rotation": 0}, "5": {"text": "e", "box": [343, 34, 43, 6], "rotation": 0}, "6": {"text": "Bow-svm", "box": [392, 34, 58, 7], "rotation": 0}, "7": {"text": "75/200", "box": [460, 33, 49, 9], "rotation": 0}, "8": {"text": "009", "box": [43, 46, 23, 7], "rotation": 0}, "9": {"text": "a", "box": [343, 47, 43, 6], "rotation": 0}, "10": {"text": "son-svm", "box": [392, 47, 58, 7], "rotation": 0}, "11": {"text": "75/500", "box": [460, 46, 49, 9], "rotation": 0}, "12": {"text": "SS", "box": [344, 61, 42, 5], "rotation": 0}, "13": {"text": "sow-svie", "box": [392, 60, 58, 7], "rotation": 0}, "14": {"text": "75/1000", "box": [460, 59, 58, 9], "rotation": 0}, "15": {"text": "cos", "box": [43, 75, 23, 7], "rotation": 0}, "16": {"text": "Bow-svie", "box": [392, 73, 58, 7], "rotation": 0}, "17": {"text": "200/200", "box": [460, 72, 58, 9], "rotation": 0}, "18": {"text": "Bow-svie", "box": [392, 86, 58, 7], "rotation": 0}, "19": {"text": "200/500", "box": [460, 85, 58, 9], "rotation": 0}, "20": {"text": "oo7", "box": [43, 104, 23, 7], "rotation": 0}, "21": {"text": "a", "box": [343, 100, 43, 6], "rotation": 0}, "22": {"text": "sow-svm", "box": [392, 99, 58, 7], "rotation": 0}, "23": {"text": "20/1000", "box": [460, 98, 66, 9], "rotation": 0}, "24": {"text": "a", "box": [343, 113, 43, 6], "rotation": 0}, "25": {"text": "ho", "box": [392, 113, 22, 7], "rotation": 0}, "26": {"text": "/noc-svm", "box": [418, 112, 66, 9], "rotation": 0}, "27": {"text": "cos", "box": [43, 132, 23, 7], "rotation": 0}, "28": {"text": "S_", "box": [359, 123, 12, 12], "rotation": 90}, "29": {"text": "Random", "box": [392, 126, 49, 7], "rotation": 0}, "30": {"text": "oos", "box": [43, 161, 23, 7], "rotation": 0}, "31": {"text": "00a", "box": [43, 190, 23, 7], "rotation": 0}, "32": {"text": "003", "box": [43, 219, 23, 7], "rotation": 0}, "33": {"text": "002", "box": [43, 248, 23, 7], "rotation": 0}, "34": {"text": "001", "box": [43, 277, 23, 7], "rotation": 0}, "35": {"text": "Hh", "box": [98, 268, 262, 13], "rotation": 0}, "36": {"text": "\u00b0", "box": [191, 283, 12, 12], "rotation": 90}, "37": {"text": "\u00b0", "box": [60, 305, 6, 7], "rotation": 90}, "38": {"text": "oes", "box": [56, 314, 31, 7], "rotation": 0}, "39": {"text": "roe", "box": [157, 314, 23, 7], "rotation": 0}, "40": {"text": "ois", "box": [249, 314, 32, 7], "rotation": 0}, "41": {"text": "o2", "box": [350, 314, 23, 7], "rotation": 0}, "42": {"text": "135", "box": [442, 314, 32, 7], "rotation": 0}}