{"0": {"text": "\u00b0", "box": [34, 87, 17, 17], "rotation": 90}, "1": {"text": "&", "box": [53, 87, 11, 17], "rotation": 90}, "2": {"text": "Precision", "box": [6, 167, 18, 89], "rotation": 90}, "3": {"text": "2", "box": [34, 165, 17, 17], "rotation": 90}, "4": {"text": "coz)", "box": [53, 165, 11, 17], "rotation": 90}, "5": {"text": "2", "box": [34, 243, 17, 17], "rotation": 90}, "6": {"text": "&", "box": [53, 243, 11, 16], "rotation": 90}, "7": {"text": "\u00b0", "box": [34, 322, 17, 17], "rotation": 90}, "8": {"text": "io", "box": [53, 322, 11, 16], "rotation": 90}, "9": {"text": "4", "box": [276, 416, 17, 16], "rotation": 0}, "10": {"text": "Recall", "box": [293, 437, 60, 18], "rotation": 0}}