{"0": {"text": "Recall", "box": [8, 187, 17, 58], "rotation": 90}, "1": {"text": "0?", "box": [37, 332, 22, 13], "rotation": 0}, "2": {"text": "", "box": [456, 333, 47, 4], "rotation": 0}, "3": {"text": "Ith", "box": [510, 328, 21, 14], "rotation": 0}, "4": {"text": "day", "box": [537, 328, 27, 17], "rotation": 0}, "5": {"text": "", "box": [456, 354, 47, 3], "rotation": 0}, "6": {"text": "3rd", "box": [509, 349, 23, 14], "rotation": 0}, "7": {"text": "day", "box": [538, 349, 27, 17], "rotation": 0}, "8": {"text": "0.1", "box": [37, 373, 19, 13], "rotation": 0}, "9": {"text": "Tae", "box": [456, 370, 108, 17], "rotation": 0}, "10": {"text": "", "box": [456, 396, 47, 4], "rotation": 0}, "11": {"text": "7th", "box": [509, 391, 22, 14], "rotation": 0}, "12": {"text": "day", "box": [537, 391, 27, 17], "rotation": 0}, "13": {"text": "0", "box": [51, 413, 8, 13], "rotation": 90}, "14": {"text": "0", "box": [61, 427, 8, 13], "rotation": 90}, "15": {"text": "0.2", "box": [156, 427, 23, 13], "rotation": 0}, "16": {"text": "0.4", "box": [259, 427, 23, 13], "rotation": 0}, "17": {"text": "06", "box": [362, 427, 23, 13], "rotation": 0}, "18": {"text": "1Precision", "box": [265, 447, 113, 17], "rotation": 0}, "19": {"text": "08", "box": [465, 427, 22, 13], "rotation": 0}}