{"0": {"text": "/With", "box": [59, 243, 59, 14], "rotation": 0}, "1": {"text": "closure", "box": [124, 243, 46, 14], "rotation": 0}, "2": {"text": "potential", "box": [171, 243, 77, 17], "rotation": 0}, "3": {"text": "---Without", "box": [60, 263, 77, 14], "rotation": 0}, "4": {"text": "closure", "box": [138, 263, 56, 14], "rotation": 0}, "5": {"text": "potentiall", "box": [195, 263, 77, 17], "rotation": 0}, "6": {"text": "0.2", "box": [127, 291, 22, 12], "rotation": 0}, "7": {"text": "0.4", "box": [214, 291, 22, 12], "rotation": 0}, "8": {"text": "Recall", "box": [202, 306, 45, 14], "rotation": 0}, "9": {"text": "0.6", "box": [300, 291, 23, 13], "rotation": 0}, "10": {"text": "08", "box": [387, 291, 22, 12], "rotation": 0}}