{"0": {"text": "", "box": [230, 58, 28, 1], "rotation": 0}, "1": {"text": "Detector", "box": [268, 52, 61, 12], "rotation": 0}, "2": {"text": "Random", "box": [268, 71, 61, 12], "rotation": 0}, "3": {"text": "0.2", "box": [115, 190, 22, 12], "rotation": 0}, "4": {"text": "0.4", "box": [180, 190, 22, 12], "rotation": 0}, "5": {"text": "recall", "box": [201, 215, 38, 12], "rotation": 0}, "6": {"text": "0.6", "box": [245, 190, 22, 12], "rotation": 0}, "7": {"text": "0.8", "box": [310, 190, 22, 12], "rotation": 0}}