{"0": {"text": "Recall", "box": [8, 178, 16, 54], "rotation": 90}, "1": {"text": "0.9", "box": [35, 46, 22, 12], "rotation": 0}, "2": {"text": "0.8", "box": [35, 84, 22, 12], "rotation": 0}, "3": {"text": "0.7", "box": [35, 122, 22, 12], "rotation": 0}, "4": {"text": "0.6", "box": [35, 161, 22, 12], "rotation": 0}, "5": {"text": "0.5", "box": [35, 199, 22, 12], "rotation": 0}, "6": {"text": "0.4", "box": [35, 237, 22, 12], "rotation": 0}, "7": {"text": "0.3", "box": [35, 275, 21, 12], "rotation": 0}, "8": {"text": "0.2", "box": [35, 314, 22, 12], "rotation": 0}, "9": {"text": "0.1", "box": [35, 352, 19, 12], "rotation": 0}, "10": {"text": "0.2", "box": [148, 404, 22, 12], "rotation": 0}, "11": {"text": "0.4", "box": [245, 404, 22, 12], "rotation": 0}, "12": {"text": "0.6", "box": [342, 404, 22, 12], "rotation": 0}, "13": {"text": "1-Precision", "box": [251, 423, 106, 16], "rotation": 0}, "14": {"text": "Proposed", "box": [465, 331, 68, 16], "rotation": 0}, "15": {"text": "", "box": [415, 355, 44, 3], "rotation": 0}, "16": {"text": "Dat", "box": [465, 351, 31, 12], "rotation": 0}, "17": {"text": "", "box": [415, 375, 44, 3], "rotation": 0}, "18": {"text": "Fs", "box": [465, 371, 19, 12], "rotation": 0}, "19": {"text": "08", "box": [439, 404, 22, 12], "rotation": 0}}