{"0": {"text": "Cascade", "box": [85, 188, 102, 16], "rotation": 0}, "1": {"text": "|", "box": [189, 188, 20, 16], "rotation": 0}, "2": {"text": "", "box": [85, 221, 30, 5], "rotation": 0}, "3": {"text": "Cascade", "box": [119, 216, 68, 16], "rotation": 0}, "4": {"text": "II", "box": [189, 216, 26, 16], "rotation": 0}, "5": {"text": "", "box": [85, 248, 30, 6], "rotation": 0}, "6": {"text": "Cascade", "box": [119, 243, 68, 16], "rotation": 0}, "7": {"text": "II|", "box": [189, 243, 32, 16], "rotation": 0}, "8": {"text": "0.2", "box": [133, 297, 28, 16], "rotation": 0}, "9": {"text": "4,", "box": [231, 297, 15, 15], "rotation": 90}, "10": {"text": "0.6", "box": [304, 297, 28, 16], "rotation": 0}, "11": {"text": "0.8", "box": [390, 297, 27, 16], "rotation": 0}, "12": {"text": "1", "box": [485, 297, 5, 15], "rotation": 90}, "13": {"text": "Recall", "box": [246, 316, 57, 16], "rotation": 0}}