{"0": {"text": "Precision", "box": [6, 152, 7, 39], "rotation": 90}, "1": {"text": "Averaged", "box": [239, 6, 43, 9], "rotation": 0}, "2": {"text": "11-point", "box": [286, 6, 34, 9], "rotation": 0}, "3": {"text": "Precision/Recall", "box": [325, 6, 70, 7], "rotation": 0}, "4": {"text": "09", "box": [30, 52, 13, 7], "rotation": 0}, "5": {"text": "08", "box": [30, 81, 13, 7], "rotation": 0}, "6": {"text": "o7", "box": [30, 110, 13, 7], "rotation": 0}, "7": {"text": "os", "box": [30, 139, 13, 7], "rotation": 0}, "8": {"text": "yo", "box": [536, 150, 39, 7], "rotation": 0}, "9": {"text": "Fo", "box": [537, 162, 37, 7], "rotation": 0}, "10": {"text": "05", "box": [30, 167, 13, 7], "rotation": 0}, "11": {"text": "Nee", "box": [530, 173, 44, 7], "rotation": 0}, "12": {"text": "NFE", "box": [523, 185, 18, 7], "rotation": 0}, "13": {"text": "a", "box": [547, 186, 28, 7], "rotation": 0}, "14": {"text": "oa", "box": [30, 196, 13, 7], "rotation": 0}, "15": {"text": "03", "box": [30, 225, 13, 7], "rotation": 0}, "16": {"text": "02", "box": [30, 254, 13, 7], "rotation": 0}, "17": {"text": "os", "box": [30, 283, 12, 7], "rotation": 0}, "18": {"text": "Recall", "box": [305, 340, 26, 7], "rotation": 0}}