{"0": {"text": "Recall", "box": [7, 135, 16, 54], "rotation": 90}, "1": {"text": "0.2", "box": [138, 330, 24, 15], "rotation": 0}, "2": {"text": "0.4", "box": [212, 330, 25, 15], "rotation": 0}, "3": {"text": "06", "box": [286, 330, 25, 15], "rotation": 0}, "4": {"text": "1", "box": [206, 363, 5, 15], "rotation": 90}, "5": {"text": "-", "box": [222, 371, 5, 2], "rotation": 0}, "6": {"text": "Precision", "box": [236, 363, 81, 16], "rotation": 0}, "7": {"text": "0.8", "box": [360, 330, 25, 15], "rotation": 0}}