{"0": {"text": "Precision", "box": [6, 134, 17, 101], "rotation": 90}, "1": {"text": "\u00aePatch-based", "box": [105, 200, 120, 14], "rotation": 0}, "2": {"text": "ot", "box": [105, 232, 23, 11], "rotation": 0}, "3": {"text": "Ren", "box": [130, 233, 20, 13], "rotation": 0}, "4": {"text": "et", "box": [152, 237, 22, 9], "rotation": 0}, "5": {"text": "al.", "box": [175, 233, 22, 13], "rotation": 0}, "6": {"text": "L+M", "box": [208, 233, 32, 13], "rotation": 0}, "7": {"text": "stRen", "box": [105, 265, 45, 14], "rotation": 0}, "8": {"text": "et", "box": [152, 267, 27, 12], "rotation": 0}, "9": {"text": "al.", "box": [184, 266, 13, 13], "rotation": 90}, "10": {"text": "L+M+H", "box": [208, 266, 54, 13], "rotation": 0}, "11": {"text": "-\u00a9-", "box": [106, 298, 21, 10], "rotation": 0}, "12": {"text": "BMA", "box": [130, 299, 23, 13], "rotation": 0}, "13": {"text": "(gray)", "box": [156, 299, 57, 17], "rotation": 0}, "14": {"text": "-\u00a9BMA", "box": [105, 331, 48, 13], "rotation": 0}, "15": {"text": "(rgb)", "box": [156, 331, 49, 17], "rotation": 0}, "16": {"text": "0.25", "box": [204, 385, 43, 16], "rotation": 0}, "17": {"text": "05", "box": [347, 385, 30, 16], "rotation": 0}, "18": {"text": "Recall", "box": [329, 408, 64, 17], "rotation": 0}, "19": {"text": "0.75", "box": [476, 385, 43, 16], "rotation": 0}}