{"0": {"text": "PRECISION", "box": [7, 148, 11, 98], "rotation": 90}, "1": {"text": "~@t", "box": [104, 229, 39, 16], "rotation": 0}, "2": {"text": "f-idf", "box": [147, 230, 52, 12], "rotation": 0}, "3": {"text": "(2000)", "box": [205, 230, 56, 14], "rotation": 0}, "4": {"text": "~\u00a9-binary", "box": [104, 253, 96, 15], "rotation": 0}, "5": {"text": "(1000)", "box": [205, 253, 56, 14], "rotation": 0}, "6": {"text": "-#", "box": [104, 277, 27, 10], "rotation": 0}, "7": {"text": "deep", "box": [134, 277, 43, 14], "rotation": 0}, "8": {"text": "(7)", "box": [183, 276, 23, 14], "rotation": 0}, "9": {"text": "deep", "box": [134, 300, 43, 14], "rotation": 0}, "10": {"text": "(20)", "box": [183, 299, 34, 14], "rotation": 0}, "11": {"text": "->", "box": [104, 321, 23, 14], "rotation": 0}, "12": {"text": "DBN", "box": [133, 322, 34, 11], "rotation": 0}, "13": {"text": "pre-trained", "box": [178, 321, 121, 15], "rotation": 0}, "14": {"text": "(20)", "box": [304, 321, 34, 14], "rotation": 0}, "15": {"text": "~4-DBN", "box": [104, 344, 63, 13], "rotation": 0}, "16": {"text": "fine-tuned", "box": [180, 344, 108, 12], "rotation": 0}, "17": {"text": "(20)", "box": [293, 344, 34, 14], "rotation": 0}, "18": {"text": "   ", "box": [261, 221, 322, 146], "rotation": 0}, "19": {"text": "ay", "box": [244, 392, 13, 7], "rotation": 0}, "20": {"text": "10", "box": [223, 397, 18, 11], "rotation": 0}, "21": {"text": "RECALL", "box": [292, 412, 64, 11], "rotation": 0}, "22": {"text": "10", "box": [391, 397, 18, 11], "rotation": 0}}