{"0": {"text": "0.7,", "box": [33, 7, 21, 10], "rotation": 0}, "1": {"text": "Precision", "box": [236, 23, 79, 11], "rotation": 0}, "2": {"text": "Graph", "box": [322, 23, 40, 14], "rotation": 0}, "3": {"text": "of", "box": [364, 23, 25, 11], "rotation": 0}, "4": {"text": "the", "box": [390, 23, 37, 11], "rotation": 0}, "5": {"text": "\"Pick\"", "box": [434, 23, 48, 11], "rotation": 0}, "6": {"text": "Gesture", "box": [493, 23, 66, 11], "rotation": 0}, "7": {"text": "06", "box": [33, 62, 21, 10], "rotation": 0}, "8": {"text": "HISOSOM", "box": [473, 90, 71, 10], "rotation": 0}, "9": {"text": "05]", "box": [33, 118, 21, 10], "rotation": 0}, "10": {"text": "", "box": [454, 121, 6, 4], "rotation": 0}, "11": {"text": "GHSOM", "box": [473, 118, 56, 10], "rotation": 0}, "12": {"text": "som", "box": [472, 145, 34, 10], "rotation": 0}, "13": {"text": "Precision", "box": [6, 173, 14, 68], "rotation": 90}}