{"0": {"text": "PRECISION", "box": [6, 145, 11, 99], "rotation": 90}, "1": {"text": "  ", "box": [154, 10, 413, 249], "rotation": 0}, "2": {"text": "0:", "box": [199, 176, 13, 12], "rotation": 0}, "3": {"text": "shallow", "box": [223, 176, 76, 12], "rotation": 0}, "4": {"text": "(2)", "box": [304, 176, 23, 15], "rotation": 0}, "5": {"text": "5", "box": [201, 200, 10, 9], "rotation": 0}, "6": {"text": "shallow", "box": [223, 198, 76, 12], "rotation": 0}, "7": {"text": "(3)", "box": [304, 198, 23, 15], "rotation": 0}, "8": {"text": "\u00bb&", "box": [192, 219, 22, 13], "rotation": 0}, "9": {"text": "shallow", "box": [223, 221, 76, 12], "rotation": 0}, "10": {"text": "(10)", "box": [304, 221, 34, 15], "rotation": 0}, "11": {"text": "4)", "box": [198, 243, 12, 14], "rotation": 90}, "12": {"text": "shallow", "box": [223, 244, 76, 12], "rotation": 0}, "13": {"text": "(40)", "box": [304, 244, 34, 15], "rotation": 0}, "14": {"text": "~\u00a9-", "box": [192, 267, 27, 12], "rotation": 0}, "15": {"text": "deep", "box": [222, 267, 32, 12], "rotation": 0}, "16": {"text": "(2)", "box": [255, 267, 39, 16], "rotation": 0}, "17": {"text": "\u00a9:", "box": [162, 288, 12, 13], "rotation": 90}, "18": {"text": "|--", "box": [193, 291, 26, 9], "rotation": 0}, "19": {"text": "deep", "box": [222, 289, 44, 16], "rotation": 0}, "20": {"text": "(3)", "box": [271, 289, 23, 15], "rotation": 0}, "21": {"text": "A", "box": [192, 310, 27, 13], "rotation": 0}, "22": {"text": "deep", "box": [222, 312, 44, 16], "rotation": 0}, "23": {"text": "(10)", "box": [271, 312, 34, 15], "rotation": 0}, "24": {"text": "~\u00a2-deep", "box": [193, 334, 73, 17], "rotation": 0}, "25": {"text": "(40)", "box": [271, 335, 34, 15], "rotation": 0}, "26": {"text": "~Otf-idt", "box": [192, 356, 95, 16], "rotation": 0}, "27": {"text": "   ", "box": [214, 148, 360, 112], "rotation": 0}, "28": {"text": "3", "box": [191, 387, 12, 8], "rotation": 0}, "29": {"text": "2", "box": [324, 387, 5, 8], "rotation": 90}, "30": {"text": "10", "box": [170, 394, 18, 11], "rotation": 0}, "31": {"text": "10\u00b0", "box": [296, 391, 26, 14], "rotation": 0}, "32": {"text": "RECALL", "box": [279, 408, 66, 11], "rotation": 0}}