{"0": {"text": "Precision", "box": [5, 219, 18, 90], "rotation": 90}, "1": {"text": "0.9", "box": [35, 56, 30, 17], "rotation": 0}, "2": {"text": "0.8", "box": [35, 106, 30, 17], "rotation": 0}, "3": {"text": "0.7", "box": [35, 156, 30, 17], "rotation": 0}, "4": {"text": "0.6", "box": [35, 205, 30, 17], "rotation": 0}, "5": {"text": "0.5", "box": [35, 256, 30, 17], "rotation": 0}, "6": {"text": "0.4", "box": [35, 306, 30, 17], "rotation": 0}, "7": {"text": "0.3", "box": [35, 355, 30, 17], "rotation": 0}, "8": {"text": "sin", "box": [81, 404, 36, 7], "rotation": 0}, "9": {"text": "Manual", "box": [123, 400, 71, 18], "rotation": 0}, "10": {"text": "\u2018", "box": [81, 433, 32, 6], "rotation": 0}, "11": {"text": "Words", "box": [122, 428, 63, 18], "rotation": 0}, "12": {"text": "0.1}", "box": [35, 455, 26, 17], "rotation": 0}, "13": {"text": "", "box": [81, 461, 24, 7], "rotation": 0}, "14": {"text": "\"Templates", "box": [112, 456, 113, 22], "rotation": 0}, "15": {"text": "0.2", "box": [35, 406, 30, 17], "rotation": 0}, "16": {"text": "0", "box": [54, 506, 11, 17], "rotation": 90}, "17": {"text": "", "box": [82, 489, 35, 7], "rotation": 0}, "18": {"text": "Words", "box": [122, 484, 63, 18], "rotation": 0}, "19": {"text": "+", "box": [194, 490, 11, 11], "rotation": 90}, "20": {"text": "Templates", "box": [212, 484, 105, 22], "rotation": 0}, "21": {"text": "  ", "box": [66, 10, 507, 409], "rotation": 0}, "22": {"text": "0", "box": [64, 521, 11, 17], "rotation": 90}, "23": {"text": "0.2", "box": [155, 521, 30, 17], "rotation": 0}, "24": {"text": "0.4", "box": [255, 521, 30, 17], "rotation": 0}, "25": {"text": "Recall", "box": [289, 543, 60, 18], "rotation": 0}, "26": {"text": "0.6", "box": [355, 521, 30, 17], "rotation": 0}, "27": {"text": "0.8", "box": [455, 521, 29, 17], "rotation": 0}}