{"0": {"text": "Precision", "box": [6, 180, 18, 97], "rotation": 90}, "1": {"text": "", "box": [245, 47, 38, 7], "rotation": 0}, "2": {"text": "OntoSearch", "box": [287, 45, 81, 11], "rotation": 0}, "3": {"text": "~", "box": [249, 75, 7, 3], "rotation": 0}, "4": {"text": "4", "box": [259, 71, 12, 9], "rotation": 0}, "5": {"text": "Keyword", "box": [279, 71, 67, 14], "rotation": 0}, "6": {"text": "of", "box": [100, 450, 19, 11], "rotation": 0}, "7": {"text": "0.2", "box": [152, 450, 21, 11], "rotation": 0}}