{"0": {"text": "Recall", "box": [7, 187, 17, 58], "rotation": 90}, "1": {"text": "  ", "box": [59, 20, 378, 28], "rotation": 0}, "2": {"text": "   ", "box": [59, 174, 514, 250], "rotation": 0}, "3": {"text": "cL", "box": [437, 27, 73, 14], "rotation": 0}, "4": {"text": "0.9", "box": [36, 48, 22, 13], "rotation": 0}, "5": {"text": "", "box": [437, 53, 47, 4], "rotation": 0}, "6": {"text": "Proposed", "box": [490, 48, 73, 17], "rotation": 0}, "7": {"text": "", "box": [437, 74, 47, 4], "rotation": 0}, "8": {"text": "D&T", "box": [490, 69, 33, 14], "rotation": 0}, "9": {"text": "0.8", "box": [36, 89, 22, 13], "rotation": 0}, "10": {"text": "\u00abs", "box": [437, 90, 76, 14], "rotation": 0}, "11": {"text": "Fs", "box": [437, 111, 74, 14], "rotation": 0}, "12": {"text": "0.7", "box": [36, 129, 22, 13], "rotation": 0}, "13": {"text": "~.semM", "box": [437, 132, 90, 14], "rotation": 0}, "14": {"text": "-", "box": [438, 159, 44, 2], "rotation": 0}, "15": {"text": "TM+BGM", "box": [489, 153, 73, 14], "rotation": 0}, "16": {"text": "0.6", "box": [36, 170, 22, 13], "rotation": 0}, "17": {"text": "lm", "box": [437, 174, 76, 13], "rotation": 0}, "18": {"text": "0.5", "box": [36, 210, 22, 13], "rotation": 0}, "19": {"text": "0.4", "box": [36, 251, 22, 13], "rotation": 0}, "20": {"text": "0.3", "box": [36, 291, 22, 13], "rotation": 0}, "21": {"text": "0", "box": [60, 427, 8, 13], "rotation": 90}, "22": {"text": "0.2", "box": [155, 427, 23, 13], "rotation": 0}, "23": {"text": "0.4", "box": [258, 427, 23, 13], "rotation": 0}, "24": {"text": "0.6", "box": [361, 427, 22, 13], "rotation": 0}, "25": {"text": "08", "box": [464, 427, 22, 13], "rotation": 0}, "26": {"text": "1", "box": [575, 427, 4, 12], "rotation": 90}, "27": {"text": "1-Precision", "box": [264, 447, 113, 17], "rotation": 0}}