{"0": {"text": "Precision", "box": [6, 191, 15, 77], "rotation": 90}, "1": {"text": "0.05", "box": [173, 475, 37, 15], "rotation": 0}, "2": {"text": "O1", "box": [284, 475, 26, 15], "rotation": 0}, "3": {"text": "0.15", "box": [383, 475, 37, 15], "rotation": 0}, "4": {"text": "0.2", "box": [494, 475, 25, 15], "rotation": 0}, "5": {"text": "0.25", "box": [594, 475, 36, 15], "rotation": 0}, "6": {"text": "Oracle", "box": [506, 515, 56, 16], "rotation": 0}, "7": {"text": "recall", "box": [568, 515, 45, 16], "rotation": 0}, "8": {"text": "0.45", "box": [1014, 475, 37, 15], "rotation": 0}, "9": {"text": "", "box": [1083, 229, 57, 14], "rotation": 0}, "10": {"text": "Both", "box": [1145, 229, 39, 16], "rotation": 0}, "11": {"text": "o+dlb-+", "box": [1083, 266, 55, 16], "rotation": 0}, "12": {"text": "Syntax", "box": [1144, 268, 56, 18], "rotation": 0}, "13": {"text": "", "box": [1083, 310, 12, 4], "rotation": 0}, "14": {"text": "che", "box": [1100, 305, 29, 14], "rotation": 0}, "15": {"text": "*", "box": [1134, 310, 6, 4], "rotation": 0}, "16": {"text": "Surface", "box": [1144, 305, 63, 16], "rotation": 0}}