{"0": {"text": "Precision", "box": [5, 180, 11, 57], "rotation": 90}, "1": {"text": "0.75", "box": [27, 8, 26, 10], "rotation": 0}, "2": {"text": "07", "box": [35, 47, 19, 10], "rotation": 0}, "3": {"text": "0.65", "box": [27, 86, 26, 10], "rotation": 0}, "4": {"text": "0.6", "box": [35, 125, 19, 10], "rotation": 0}, "5": {"text": "0.55", "box": [27, 165, 26, 10], "rotation": 0}, "6": {"text": "rs)", "box": [35, 204, 19, 10], "rotation": 0}, "7": {"text": "0.45", "box": [27, 243, 26, 10], "rotation": 0}, "8": {"text": "0.4", "box": [35, 282, 18, 10], "rotation": 0}, "9": {"text": "0.35", "box": [27, 321, 26, 10], "rotation": 0}, "10": {"text": "03", "box": [35, 360, 18, 10], "rotation": 0}, "11": {"text": "MLi", "box": [460, 26, 74, 11], "rotation": 0}, "12": {"text": "ML2", "box": [459, 44, 78, 11], "rotation": 0}, "13": {"text": "cL", "box": [459, 61, 64, 11], "rotation": 0}, "14": {"text": "O", "box": [459, 77, 42, 15], "rotation": 0}, "15": {"text": "cL", "box": [506, 79, 29, 11], "rotation": 0}, "16": {"text": "0.25", "box": [27, 399, 26, 10], "rotation": 0}, "17": {"text": "10", "box": [45, 416, 14, 10], "rotation": 0}, "18": {"text": "a", "box": [60, 410, 11, 7], "rotation": 0}, "19": {"text": "10", "box": [293, 416, 14, 10], "rotation": 0}, "20": {"text": "Recall", "box": [287, 432, 37, 11], "rotation": 0}, "21": {"text": "10", "box": [544, 416, 14, 10], "rotation": 0}}