{"0": {"text": "0.8", "box": [43, 86, 23, 11], "rotation": 0}, "1": {"text": "0.75", "box": [32, 171, 34, 11], "rotation": 0}, "2": {"text": "Precision", "box": [7, 141, 16, 70], "rotation": 90}, "3": {"text": "0.7", "box": [43, 257, 24, 11], "rotation": 0}, "4": {"text": "0.65", "box": [32, 342, 34, 11], "rotation": 0}, "5": {"text": "  ", "box": [329, 236, 255, 21], "rotation": 0}, "6": {"text": "2", "box": [120, 243, 36, 7], "rotation": 0}, "7": {"text": "RAP", "box": [162, 241, 23, 11], "rotation": 0}, "8": {"text": "125", "box": [187, 241, 45, 11], "rotation": 0}, "9": {"text": "dimensions", "box": [238, 241, 91, 11], "rotation": 0}, "10": {"text": "PLSI", "box": [162, 260, 36, 11], "rotation": 0}, "11": {"text": "250", "box": [205, 260, 29, 11], "rotation": 0}, "12": {"text": "dimensions|", "box": [240, 260, 92, 11], "rotation": 0}, "13": {"text": "~+-", "box": [125, 280, 24, 9], "rotation": 0}, "14": {"text": "LSI", "box": [161, 279, 25, 11], "rotation": 0}, "15": {"text": "125", "box": [194, 279, 28, 11], "rotation": 0}, "16": {"text": "dimensions", "box": [228, 279, 91, 11], "rotation": 0}, "17": {"text": "ween", "box": [120, 302, 32, 3], "rotation": 0}, "18": {"text": "TEIDF", "box": [160, 298, 62, 11], "rotation": 0}, "19": {"text": "10", "box": [67, 358, 18, 11], "rotation": 0}, "20": {"text": "10\u00b0", "box": [317, 353, 31, 16], "rotation": 0}, "21": {"text": "Recall", "box": [299, 374, 54, 14], "rotation": 0}}