{"0": {"text": "Estimated", "box": [160, 7, 84, 15], "rotation": 0}, "1": {"text": "PrecisionRecall", "box": [252, 7, 142, 15], "rotation": 0}, "2": {"text": "curves", "box": [402, 10, 55, 12], "rotation": 0}, "3": {"text": "GIFT", "box": [465, 45, 30, 11], "rotation": 0}, "4": {"text": "SIMPLIicty", "box": [465, 63, 66, 14], "rotation": 0}, "5": {"text": "\u00bb", "box": [440, 84, 8, 3], "rotation": 0}, "6": {"text": "ROMM-TEST|", "box": [465, 80, 86, 11], "rotation": 0}, "7": {"text": "", "box": [413, 102, 9, 2], "rotation": 0}, "8": {"text": "-", "box": [0, 0, 571, 477], "rotation": 0}, "9": {"text": "", "box": [446, 102, 9, 2], "rotation": 0}, "10": {"text": "ROMM-ALL", "box": [465, 98, 76, 10], "rotation": 0}, "11": {"text": "RWMM-TEST", "box": [465, 114, 89, 11], "rotation": 0}, "12": {"text": "RWMM-ALL", "box": [465, 132, 78, 10], "rotation": 0}, "13": {"text": "Keywords,", "box": [465, 149, 60, 13], "rotation": 0}, "14": {"text": "Precision", "box": [7, 201, 12, 67], "rotation": 90}}