{"0": {"text": "Total", "box": [159, 6, 41, 14], "rotation": 0}, "1": {"text": "Points:", "box": [207, 6, 51, 14], "rotation": 0}, "2": {"text": "500,", "box": [270, 7, 33, 16], "rotation": 0}, "3": {"text": "Clusters:", "box": [311, 6, 68, 14], "rotation": 0}, "4": {"text": "5", "box": [390, 7, 9, 13], "rotation": 90}, "5": {"text": "Recall", "box": [252, 387, 50, 14], "rotation": 0}, "6": {"text": "siB", "box": [361, 60, 58, 14], "rotation": 0}, "7": {"text": "e-MCRD", "box": [361, 87, 86, 14], "rotation": 0}}