{"0": {"text": "Recall", "box": [8, 178, 16, 55], "rotation": 90}, "1": {"text": "0.9", "box": [35, 47, 22, 12], "rotation": 0}, "2": {"text": "0.8", "box": [35, 85, 22, 12], "rotation": 0}, "3": {"text": "0.7", "box": [35, 123, 22, 12], "rotation": 0}, "4": {"text": "0.6", "box": [35, 161, 22, 12], "rotation": 0}, "5": {"text": "0.5", "box": [35, 200, 22, 12], "rotation": 0}, "6": {"text": "0.4", "box": [35, 238, 22, 12], "rotation": 0}, "7": {"text": "0.3", "box": [35, 276, 22, 12], "rotation": 0}, "8": {"text": "0.2", "box": [35, 314, 22, 12], "rotation": 0}, "9": {"text": "0.1", "box": [35, 353, 19, 12], "rotation": 0}, "10": {"text": "0.2", "box": [148, 405, 22, 12], "rotation": 0}, "11": {"text": "0.4", "box": [245, 405, 22, 12], "rotation": 0}, "12": {"text": "0.6", "box": [342, 405, 22, 12], "rotation": 0}, "13": {"text": "1-Precision", "box": [251, 424, 106, 16], "rotation": 0}, "14": {"text": "Proposed", "box": [465, 332, 68, 16], "rotation": 0}, "15": {"text": "", "box": [415, 356, 44, 3], "rotation": 0}, "16": {"text": "aT", "box": [465, 352, 31, 12], "rotation": 0}, "17": {"text": "rFs", "box": [415, 372, 69, 12], "rotation": 0}, "18": {"text": "08", "box": [439, 405, 22, 12], "rotation": 0}}