{"0": {"text": "Precision", "box": [8, 130, 8, 50], "rotation": 90}, "1": {"text": "09", "box": [23, 50, 12, 7], "rotation": 0}, "2": {"text": "08", "box": [23, 79, 12, 7], "rotation": 0}, "3": {"text": "o7", "box": [23, 108, 12, 7], "rotation": 0}, "4": {"text": "06", "box": [23, 137, 12, 7], "rotation": 0}, "5": {"text": "os", "box": [23, 166, 12, 7], "rotation": 0}, "6": {"text": "04", "box": [23, 195, 12, 7], "rotation": 0}, "7": {"text": "03", "box": [23, 224, 12, 7], "rotation": 0}, "8": {"text": "02", "box": [23, 253, 12, 7], "rotation": 0}, "9": {"text": "on", "box": [23, 282, 10, 7], "rotation": 0}, "10": {"text": "0", "box": [36, 290, 5, 7], "rotation": 90}, "11": {"text": "Performance", "box": [124, 9, 69, 8], "rotation": 0}, "12": {"text": "on", "box": [196, 11, 13, 6], "rotation": 0}, "13": {"text": "video", "box": [213, 9, 30, 8], "rotation": 0}, "14": {"text": "olst2\u201d", "box": [246, 9, 38, 8], "rotation": 0}, "15": {"text": "Recall", "box": [188, 302, 31, 8], "rotation": 0}, "16": {"text": "7", "box": [362, 290, 13, 7], "rotation": 0}}