{"0": {"text": "  ", "box": [0, 0, 0, 0], "rotation": 0}, "1": {"text": "     ", "box": [0, 0, 0, 413], "rotation": 90}, "2": {"text": "100", "box": [625, 406, 24, 11], "rotation": 0}, "3": {"text": "90", "box": [570, 406, 17, 11], "rotation": 0}, "4": {"text": "SRC", "box": [522, 118, 21, 12], "rotation": 0}, "5": {"text": "(Voting)", "box": [544, 118, 68, 16], "rotation": 0}, "6": {"text": "MSSRC", "box": [522, 137, 55, 12], "rotation": 0}, "7": {"text": "(Ours)", "box": [583, 137, 42, 15], "rotation": 0}, "8": {"text": "0", "box": [521, 406, 8, 11], "rotation": 90}, "9": {"text": "@-", "box": [479, 99, 38, 13], "rotation": 0}, "10": {"text": "SRC", "box": [522, 99, 21, 12], "rotation": 0}, "11": {"text": "(1", "box": [544, 99, 26, 15], "rotation": 0}, "12": {"text": "Frame)", "box": [578, 99, 48, 15], "rotation": 0}, "13": {"text": "8", "box": [512, 406, 8, 11], "rotation": 90}, "14": {"text": "70", "box": [454, 406, 17, 11], "rotation": 0}, "15": {"text": "60", "box": [396, 406, 17, 11], "rotation": 0}, "16": {"text": "50", "box": [338, 406, 17, 11], "rotation": 0}, "17": {"text": "Recall", "box": [311, 423, 43, 11], "rotation": 0}, "18": {"text": "(%)", "box": [361, 422, 23, 15], "rotation": 0}, "19": {"text": "40", "box": [280, 406, 17, 11], "rotation": 0}, "20": {"text": "(%)", "box": [6, 156, 15, 23], "rotation": 90}, "21": {"text": "uojs}9e1g", "box": [6, 185, 12, 69], "rotation": 90}}