{"0": {"text": "s", "box": [459, 40, 42, 7], "rotation": 0}, "1": {"text": "DAPMK", "box": [507, 39, 48, 9], "rotation": 0}, "2": {"text": "0.9", "box": [504, 383, 19, 9], "rotation": 0}, "3": {"text": "o", "box": [459, 23, 42, 10], "rotation": 0}, "4": {"text": "PMK", "box": [507, 24, 29, 9], "rotation": 0}, "5": {"text": "08", "box": [453, 383, 18, 9], "rotation": 0}, "6": {"text": "02", "box": [144, 383, 19, 9], "rotation": 0}, "7": {"text": "03", "box": [195, 383, 19, 9], "rotation": 0}, "8": {"text": "04", "box": [247, 383, 18, 9], "rotation": 0}, "9": {"text": "O05", "box": [298, 383, 19, 9], "rotation": 0}, "10": {"text": "06", "box": [350, 383, 18, 9], "rotation": 0}, "11": {"text": "OF", "box": [401, 383, 20, 9], "rotation": 0}, "12": {"text": "0.1", "box": [93, 383, 16, 9], "rotation": 0}, "13": {"text": "yee", "box": [39, 99, 8, 100], "rotation": 90}, "14": {"text": "Ss", "box": [27, 99, 7, 9], "rotation": 90}, "15": {"text": "6", "box": [27, 145, 7, 9], "rotation": 90}, "16": {"text": "6", "box": [27, 190, 7, 9], "rotation": 90}, "17": {"text": "uorsPalg", "box": [8, 170, 10, 49], "rotation": 90}, "18": {"text": "o", "box": [39, 236, 7, 54], "rotation": 90}, "19": {"text": "Soo", "box": [27, 236, 7, 54], "rotation": 90}, "20": {"text": "0.2", "box": [27, 327, 19, 9], "rotation": 0}, "21": {"text": "o.4", "box": [27, 373, 17, 9], "rotation": 0}, "22": {"text": "Recall", "box": [289, 398, 37, 9], "rotation": 0}}