{"0": {"text": "0.6", "box": [56, 68, 23, 12], "rotation": 0}, "1": {"text": "Alignment", "box": [179, 26, 111, 24], "rotation": 0}, "2": {"text": "Predictions", "box": [291, 26, 145, 20], "rotation": 0}, "3": {"text": "    ", "box": [182, 87, 318, 166], "rotation": 0}, "4": {"text": "0.2", "box": [184, 266, 23, 12], "rotation": 0}, "5": {"text": "0.4", "box": [282, 266, 24, 12], "rotation": 0}, "6": {"text": "0.6", "box": [381, 266, 23, 12], "rotation": 0}, "7": {"text": "Recall", "box": [317, 293, 52, 15], "rotation": 0}, "8": {"text": "Matcher", "box": [465, 76, 107, 12], "rotation": 0}, "9": {"text": "Extractions", "box": [513, 107, 76, 11], "rotation": 0}, "10": {"text": "Pattern", "box": [467, 136, 96, 11], "rotation": 0}, "11": {"text": "veeeee", "box": [467, 170, 37, 3], "rotation": 0}, "12": {"text": "Frequency", "box": [513, 166, 73, 14], "rotation": 0}, "13": {"text": "08", "box": [479, 266, 23, 12], "rotation": 0}, "14": {"text": "1", "box": [586, 266, 8, 12], "rotation": 90}}