{"0": {"text": "Precision", "box": [6, 162, 15, 74], "rotation": 90}, "1": {"text": "0.95)", "box": [30, 83, 35, 14], "rotation": 0}, "2": {"text": "0.9)", "box": [40, 138, 25, 14], "rotation": 0}, "3": {"text": "0.85)", "box": [30, 193, 35, 14], "rotation": 0}, "4": {"text": "0.8)", "box": [40, 248, 25, 14], "rotation": 0}, "5": {"text": "0.75)", "box": [30, 302, 35, 14], "rotation": 0}, "6": {"text": "Total", "box": [159, 6, 41, 15], "rotation": 0}, "7": {"text": "Points:", "box": [208, 6, 54, 15], "rotation": 0}, "8": {"text": "500,", "box": [270, 7, 34, 16], "rotation": 0}, "9": {"text": "Clusters:", "box": [311, 6, 72, 15], "rotation": 0}, "10": {"text": "5", "box": [390, 7, 9, 14], "rotation": 90}, "11": {"text": "    ", "box": [102, 53, 392, 150], "rotation": 0}, "12": {"text": "sIB", "box": [361, 60, 58, 15], "rotation": 0}, "13": {"text": "~e-MCRD", "box": [361, 87, 87, 15], "rotation": 0}}