{"0": {"text": "Recall", "box": [6, 130, 16, 52], "rotation": 90}, "1": {"text": "0.9", "box": [35, 35, 26, 15], "rotation": 0}, "2": {"text": "0.8", "box": [35, 64, 26, 15], "rotation": 0}, "3": {"text": "+", "box": [71, 71, 6, 1], "rotation": 0}, "4": {"text": "0.7", "box": [35, 92, 27, 15], "rotation": 0}, "5": {"text": "4", "box": [71, 99, 6, 1], "rotation": 0}, "6": {"text": "0.6", "box": [35, 120, 26, 15], "rotation": 0}, "7": {"text": "4", "box": [71, 127, 6, 1], "rotation": 0}, "8": {"text": "0.5", "box": [35, 149, 26, 15], "rotation": 0}, "9": {"text": "0.4", "box": [35, 177, 27, 15], "rotation": 0}, "10": {"text": "0.3", "box": [35, 205, 26, 15], "rotation": 0}, "11": {"text": "0.2", "box": [35, 233, 26, 15], "rotation": 0}, "12": {"text": "0.1", "box": [35, 262, 23, 15], "rotation": 0}, "13": {"text": "0.2", "box": [141, 319, 26, 15], "rotation": 0}, "14": {"text": "0.4", "box": [218, 319, 27, 15], "rotation": 0}, "15": {"text": "0.6", "box": [295, 319, 25, 15], "rotation": 0}, "16": {"text": "1", "box": [215, 352, 5, 14], "rotation": 90}, "17": {"text": "-", "box": [231, 360, 5, 1], "rotation": 0}, "18": {"text": "Precision", "box": [244, 351, 80, 16], "rotation": 0}, "19": {"text": "0.8", "box": [371, 319, 26, 15], "rotation": 0}, "20": {"text": "@Grad", "box": [451, 109, 76, 15], "rotation": 0}, "21": {"text": "PCA", "box": [536, 109, 35, 15], "rotation": 0}, "22": {"text": "20", "box": [578, 110, 19, 14], "rotation": 0}, "23": {"text": "SIFT", "box": [451, 135, 76, 15], "rotation": 0}, "24": {"text": "te", "box": [451, 161, 34, 13], "rotation": 0}, "25": {"text": "Img", "box": [489, 161, 28, 18], "rotation": 0}, "26": {"text": "PCA", "box": [525, 161, 36, 15], "rotation": 0}, "27": {"text": "20", "box": [567, 162, 20, 14], "rotation": 0}}