{"0": {"text": "ene", "box": [68, 202, 36, 5], "rotation": 0}, "1": {"text": "5", "box": [109, 196, 12, 19], "rotation": 90}, "2": {"text": "10", "box": [66, 230, 69, 19], "rotation": 0}, "3": {"text": "men", "box": [67, 270, 37, 5], "rotation": 0}, "4": {"text": "15", "box": [110, 264, 25, 19], "rotation": 0}, "5": {"text": "30", "box": [109, 298, 26, 19], "rotation": 0}, "6": {"text": "    ", "box": [61, 7, 588, 217], "rotation": 0}, "7": {"text": "ot", "box": [99, 337, 14, 8], "rotation": 0}, "8": {"text": "02", "box": [158, 337, 16, 8], "rotation": 0}, "9": {"text": "08", "box": [218, 337, 15, 8], "rotation": 0}, "10": {"text": "of", "box": [277, 337, 16, 8], "rotation": 0}, "11": {"text": "0508", "box": [336, 337, 75, 13], "rotation": 0}, "12": {"text": "Precision", "box": [295, 347, 100, 18], "rotation": 0}, "13": {"text": "a7", "box": [455, 337, 16, 8], "rotation": 0}, "14": {"text": "08", "box": [514, 337, 16, 8], "rotation": 0}, "15": {"text": "0s", "box": [574, 337, 15, 8], "rotation": 0}}