{"0": {"text": "Precision", "box": [6, 168, 10, 50], "rotation": 90}, "1": {"text": "0.8", "box": [26, 6, 19, 9], "rotation": 0}, "2": {"text": "0.7|", "box": [26, 58, 20, 9], "rotation": 0}, "3": {"text": "06", "box": [26, 110, 19, 9], "rotation": 0}, "4": {"text": "08", "box": [26, 162, 19, 9], "rotation": 0}, "5": {"text": "0.4", "box": [26, 215, 19, 9], "rotation": 0}, "6": {"text": "03", "box": [26, 267, 19, 9], "rotation": 0}, "7": {"text": "0.2", "box": [26, 319, 19, 9], "rotation": 0}, "8": {"text": "0.4", "box": [26, 371, 17, 9], "rotation": 0}, "9": {"text": "0", "box": [45, 381, 7, 9], "rotation": 90}, "10": {"text": "S", "box": [457, 23, 43, 7], "rotation": 0}, "11": {"text": "PMK", "box": [505, 22, 29, 9], "rotation": 0}, "12": {"text": "-\u00a9", "box": [473, 37, 11, 10], "rotation": 0}, "13": {"text": "DAPMK|", "box": [505, 38, 49, 9], "rotation": 0}, "14": {"text": "o1", "box": [91, 381, 17, 9], "rotation": 0}, "15": {"text": "02", "box": [142, 381, 19, 9], "rotation": 0}, "16": {"text": "08", "box": [194, 381, 19, 9], "rotation": 0}, "17": {"text": "O04", "box": [245, 381, 19, 9], "rotation": 0}, "18": {"text": "O05", "box": [297, 381, 18, 9], "rotation": 0}, "19": {"text": "O06", "box": [348, 381, 19, 9], "rotation": 0}, "20": {"text": "OF", "box": [400, 381, 19, 9], "rotation": 0}, "21": {"text": "08", "box": [451, 381, 19, 9], "rotation": 0}, "22": {"text": "09", "box": [502, 381, 19, 9], "rotation": 0}, "23": {"text": "1", "box": [562, 381, 3, 9], "rotation": 90}, "24": {"text": "Recall", "box": [288, 396, 37, 9], "rotation": 0}}