{"0": {"text": "precision", "box": [5, 63, 20, 81], "rotation": 90}, "1": {"text": "our", "box": [76, 142, 77, 12], "rotation": 0}, "2": {"text": "method", "box": [159, 138, 68, 16], "rotation": 0}, "3": {"text": "", "box": [76, 170, 41, 3], "rotation": 0}, "4": {"text": "baseline", "box": [123, 166, 77, 16], "rotation": 0}, "5": {"text": "0", "box": [58, 203, 10, 16], "rotation": 90}, "6": {"text": "0.2", "box": [144, 203, 28, 16], "rotation": 0}, "7": {"text": "0.4", "box": [238, 203, 27, 16], "rotation": 0}, "8": {"text": "recall", "box": [271, 225, 48, 16], "rotation": 0}, "9": {"text": "0.6", "box": [331, 203, 28, 16], "rotation": 0}, "10": {"text": "0.8", "box": [425, 203, 27, 16], "rotation": 0}}